,Unnamed: 0,word,sen1,sen2,sen3,choice1,choice2,choice3,mask_typo,sen1_typo,sen2_typo,sen3_typo
0,0,entomology,"The term labrum is used in zoology, of a lip or lip-like part; in entomology it is applied specifically to the upper lip of an insect, the lower lip being termed labium.",The history of the study of insects is sketched under Entomology.,"Thus the reflection of a person in a mirror is known as his ""image""; in popular usage one person is similarly described as ""the very image"" of another; so in entomology the term is applied in its Latin form imago to an insect which, having passed through its larval stages, has achieved its full typical development.",anatomy,antomology,anatomology,entomoloog,"The term labrum is used in zoology, of a lip or lip-like part; in entomoloog it is applied specifically to the upper lip of an insect, the lower lip being termed labium.",The history of the study of insects is sketched under entomoloog.,"Thus the reflection of a person in a mirror is known as his ""image""; in popular usage one person is similarly described as ""the very image"" of another; so in entomoloog the term is applied in its Latin form imago to an insect which, having passed through its larval stages, has achieved its full typical development."
1,1,cadence,"When their breath returned to a more normal cadence and they were no longer perspiring, they rose to leave.","In expressive language development, children first speak in long unintelligible babbles that mimic the cadence and rhythm of adult speech.",I hear the clink of them at the end of every cadence of the Bible verses ' .,rhythm,accident,ending,caencce,"When their breath returned to a more normal caencce and they were no longer perspiring, they rose to leave.","In expressive language development, children first speak in long unintelligible babbles that mimic the caencce and rhythm of adult speech.",I hear the clink of them at the end of every caencce of the Bible verses ' .
2,2,ample,"The trees have ample room to expand on the water side, and each sends forth its most vigorous branch in that direction.","Rain is very scarce, but the canals supply ample water for cultivation and all other purposes.","Parking is ample but during the summer months, it fills quickly.",many,apple,full,ammplee,"The trees have ammplee room to expand on the water side, and each sends forth its most vigorous branch in that direction.","Rain is very scarce, but the canals supply ammplee water for cultivation and all other purposes.","Parking is ammplee but during the summer months, it fills quickly."
3,3,circumspect,In this situation you need to be very circumspect about claiming interactions.,"But he was certainly a prudent and circumspect ruler of blameless life, possessing, as Arnold of Lubeck (c. 1160-1212) expresses it, ""the sober wisdom of old age even in his tender youth.""",As foreign minister he was cautious and circumspect.,circumference,careful,scupulous,circmspecct,In this situation you need to be very circmspecct about claiming interactions.,"But he was certainly a prudent and circmspecct ruler of blameless life, possessing, as Arnold of Lubeck (c. 1160-1212) expresses it, ""the sober wisdom of old age even in his tender youth.""",As foreign minister he was cautious and circmspecct.
4,4,bilious,"He had what the doctors termed ""bilious fever.""",The vomitus will be greenish (bilious) because it contains bile from the gallbladder.,"Bilious remittent fever occurs in the summer months, and smallpox prevails from November to March.",biliverdin,cholic,ornery,bious,"He had what the doctors termed ""bious fever.""",The vomitus will be greenish (bious) because it contains bile from the gallbladder.,"bious remittent fever occurs in the summer months, and smallpox prevails from November to March."
5,5,abstract,"They had no abstract ideas; in their minds all was concrete, visible and tangible.",Can I have an abstract of the article?,Choose five abstract nouns relating to recent conversational themes.,metaphysical,summary,brief,absttrct,"They had no absttrct ideas; in their minds all was concrete, visible and tangible.",Can I have an absttrct of the article?,Choose five absttrct nouns relating to recent conversational themes.
6,6,dearth,"The next danger was from the people, who were infuriated by the dearth of corn.","Between 1831 and 1842 there were six seasons of dearth, approaching in some places to famine.","Other prophets of the same age speak much of dearth and failure of crops, which in Palestine then as now were aggravated by bad government, and were far more serious to a small and isolated community than they could ever have been to the old kingdom.",shortage,death,drought,deearthh,"The next danger was from the people, who were infuriated by the deearthh of corn.","Between 1831 and 1842 there were six seasons of deearthh, approaching in some places to famine.","Other prophets of the same age speak much of deearthh and failure of crops, which in Palestine then as now were aggravated by bad government, and were far more serious to a small and isolated community than they could ever have been to the old kingdom."
7,7,reprobation,,,,,,,repobaation,,,
8,8,grunt,,,,,,,grn,,,
9,9,stringent,,,,,,,strinentt,,,
10,10,deprecate,,,,,,,deeprcate,,,
11,11,disinter,,,,,,,disitter,,,
12,12,scurry,,,,,,,scuy,,,
13,13,unwieldy,,,,,,,unweld,,,
14,14,mangy,,,,,,,mnggy,,,
15,15,torpor,,,,,,,toopor,,,
16,16,penury,,,,,,,peny,,,
17,17,puerile,,,,,,,pueriie,,,
18,18,subpoena,,,,,,,spoena,,,
19,19,apotheosis,,,,,,,apptheosis,,,
20,20,avow,,,,,,,avvoww,,,
21,21,distract,,,,,,,ditact,,,
22,22,divine,,,,,,,divvinee,,,
23,23,knell,,,,,,,knnelll,,,
24,24,remunerative,,,,,,,remuneraatie,,,
25,25,grimace,,,,,,,gimaace,,,
26,26,inculcate,,,,,,,incullcaate,,,
27,27,zephyr,,,,,,,zephhr,,,
28,28,stygian,,,,,,,syygian,,,
29,29,milieu,,,,,,,miilie,,,
30,30,entrepreneur,,,,,,,entreppreneeur,,,
31,31,sprachgefuhl,,,,,,,srachgeuhl,,,
32,32,gerontology,,,,,,,geonntology,,,
33,33,awl,,,,,,,aawll,,,
34,34,feminophobia,,,,,,,feminopphoia,,,
35,35,plait,,,,,,,pllat,,,
36,36,dawdle,,,,,,,dwle,,,
37,37,decrepit,,,,,,,decreppiit,,,
38,38,resurrect,,,,,,,resurrret,,,
39,39,babouche,,,,,,,bauche,,,
40,40,cordial,,,,,,,cordaal,,,
41,41,atypical,,,,,,,atycal,,,
42,42,austere,,,,,,,auuster,,,
43,43,duplicity,,,,,,,dpicity,,,
44,44,coxcomb,,,,,,,coxcmmb,,,
45,45,exact,,,,,,,ext,,,
46,46,compendium,,,,,,,commpendum,,,
47,47,auxiliary,,,,,,,axiliry,,,
48,48,summation,,,,,,,summmaton,,,
49,49,rebarbative,,,,,,,rearbtive,,,
50,50,sonnet,,,,,,,soneet,,,
51,51,patriarch,,,,,,,patrarcch,,,
52,52,battalion,,,,,,,baattaion,,,
53,53,amputate,,,,,,,ampputaate,,,
54,54,integral,,,,,,,intteggral,,,
55,55,anchor,,,,,,,acchor,,,
56,56,alectryomancy,,,,,,,allectryomaancy,,,
57,57,addle,,,,,,,ale,,,
58,58,gist,,,,,,,giis,,,
59,59,genus,,,,,,,gus,,,
60,60,anecdotage,,,,,,,anecdtag,,,
61,61,listless,,,,,,,litess,,,
62,62,flirt,,,,,,,flliirt,,,
63,63,obtrude,,,,,,,obtrd,,,
64,64,heedless,,,,,,,hedess,,,
65,65,acetic,,,,,,,acec,,,
66,66,dilapidated,,,,,,,diapdated,,,
67,67,aurorean,,,,,,,arorea,,,
68,68,hagiarchy,,,,,,,hagiarcch,,,
69,69,formality,,,,,,,foormalit,,,
70,70,sesquipedalian,,,,,,,sessqupedalian,,,
71,71,grisly,,,,,,,gissly,,,
72,72,entrance,,,,,,,etrannce,,,
73,73,cogent,,,,,,,cgnt,,,
74,74,abortive,,,,,,,abortiivee,,,
75,75,ulterior,,,,,,,ulteiior,,,
76,76,wistful,,,,,,,wisul,,,
77,77,expository,,,,,,,exposiiory,,,
78,78,collate,,,,,,,coolate,,,
79,79,poseuse,,,,,,,poese,,,
80,80,sensitization,,,,,,,sensiiation,,,
81,81,discriminate,,,,,,,discriminnaate,,,
82,82,efficacy,,,,,,,eficcacy,,,
83,83,aristocracy,,,,,,,aristocrcyy,,,
84,84,vanguard,,,,,,,vangguad,,,
85,85,sluggish,,,,,,,slggissh,,,
86,86,unintimating,,,,,,,unnintimatiing,,,
87,87,bereaved,,,,,,,beeaveed,,,
88,88,vile,,,,,,,vlle,,,
89,89,indigent,,,,,,,idigeent,,,
90,90,propagate,,,,,,,propgaate,,,
91,91,novice,,,,,,,nvvice,,,
92,92,bacchanalian,,,,,,,bacchanliian,,,
93,93,jumble,,,,,,,jumbblle,,,
94,94,incoherent,,,,,,,incooheren,,,
95,95,doze,,,,,,,doozee,,,
96,96,extradition,,,,,,,extradtio,,,
97,97,accost,,,,,,,acot,,,
98,98,slap,,,,,,,saap,,,
99,99,pendulous,,,,,,,pendlos,,,
100,100,favoritism,,,,,,,favritim,,,
101,101,harass,,,,,,,harrasss,,,
102,102,cater,,,,,,,caeer,,,
103,103,grouse,,,,,,,groousse,,,
104,104,ponderous,,,,,,,poonderos,,,
105,105,credence,,,,,,,creddennce,,,
106,106,nib,,,,,,,nnibb,,,
107,107,pant-hoot,,,,,,,panthhoot,,,
108,108,ramification,,,,,,,raiification,,,
109,109,purport,,,,,,,puort,,,
110,110,guileless,,,,,,,guilelessss,,,
111,111,commemorate,,,,,,,commeemoorate,,,
112,112,enlist,,,,,,,enlsst,,,
113,113,phoenix,,,,,,,poeenix,,,
114,114,grouch,,,,,,,goouch,,,
115,115,defiance,,,,,,,deffance,,,
116,116,ward,,,,,,,warrdd,,,
117,117,circuit,,,,,,,cicui,,,
118,118,intrinsic,,,,,,,intrrinsicc,,,
119,119,plump,,,,,,,pllup,,,
120,120,rococo,,,,,,,roccoc,,,
121,121,outlandish,,,,,,,oulndish,,,
122,122,toady,,,,,,,toaay,,,
123,123,headstrong,,,,,,,hadsrong,,,
124,124,dermatologist,,,,,,,dermattoloist,,,
125,125,imperial,,,,,,,impperia,,,
126,126,pragmatic,,,,,,,prragmtic,,,
127,127,brochure,,,,,,,bochuure,,,
128,128,practicable,,,,,,,practticaable,,,
129,129,acclaim,,,,,,,acclaiimm,,,
130,130,parlance,,,,,,,parlaace,,,
131,131,astringent,,,,,,,astrinen,,,
132,132,chicanery,,,,,,,chcaney,,,
133,133,quinch,,,,,,,quih,,,
134,134,institution,,,,,,,institutoon,,,
135,135,adjoin,,,,,,,adjooi,,,
136,136,boon,,,,,,,booo,,,
137,137,suffocate,,,,,,,sufocat,,,
138,138,contusion,,,,,,,contsio,,,
139,139,anthropologist,,,,,,,athropologisst,,,
140,140,reverberate,,,,,,,reevverberate,,,
141,141,eructation,,,,,,,erructationn,,,
142,142,bourgeois,,,,,,,bouurgeoiss,,,
143,143,prescience,,,,,,,prrecience,,,
144,144,ear-bending,,,,,,,er-bendng,,,
145,145,grandiose,,,,,,,grandiiosse,,,
146,146,dismantle,,,,,,,diantle,,,
147,147,dazzle,,,,,,,dazzzlee,,,
148,148,pell-mell,,,,,,,pell-mlll,,,
149,149,humid,,,,,,,hmi,,,
150,150,dissolution,,,,,,,dissoluuion,,,
151,151,lust,,,,,,,luss,,,
152,152,iconoclastic,,,,,,,iconnoclaastic,,,
153,153,talion,,,,,,,taalin,,,
154,154,potion,,,,,,,poioon,,,
155,155,flounder,,,,,,,floundderr,,,
156,156,jubilation,,,,,,,jubilatn,,,
157,157,tumid,,,,,,,tuumi,,,
158,158,mana,,,,,,,maanaa,,,
159,159,induce,,,,,,,inue,,,
160,160,plutocracy,,,,,,,pltocrracy,,,
161,161,foolhardy,,,,,,,foolhhrdy,,,
162,162,persist,,,,,,,prrsist,,,
163,163,unsullied,,,,,,,unsullliedd,,,
164,164,acknowledge,,,,,,,acnowwledge,,,
165,165,denizen,,,,,,,dnize,,,
166,166,truism,,,,,,,trissm,,,
167,167,incumbent,,,,,,,incubennt,,,
168,168,rabble,,,,,,,raable,,,
169,169,fit,,,,,,,ffitt,,,
170,170,dilatory,,,,,,,dilaator,,,
171,171,annihilate,,,,,,,annihilaatee,,,
172,172,percussion,,,,,,,percsion,,,
173,173,magniloquent,,,,,,,magnilqent,,,
174,174,feasible,,,,,,,feeasibl,,,
175,175,pharisee,,,,,,,phrsee,,,
176,176,purgatory,,,,,,,prgator,,,
177,177,comprise,,,,,,,commpise,,,
178,178,application,,,,,,,appplicatin,,,
179,179,hegemony,,,,,,,heggemonyy,,,
180,180,avalanche,,,,,,,aaanche,,,
181,181,pestle,,,,,,,peestlee,,,
182,182,inextricable,,,,,,,inextrcble,,,
183,183,curator,,,,,,,crato,,,
184,184,inconsequential,,,,,,,iconequential,,,
185,185,bid,,,,,,,bbidd,,,
186,186,projectile,,,,,,,projeciile,,,
187,187,unwitting,,,,,,,unwittnng,,,
188,188,didactic,,,,,,,didactiicc,,,
189,189,confide,,,,,,,coniide,,,
190,190,hew,,,,,,,hheww,,,
191,191,fluster,,,,,,,flusteerr,,,
192,192,mass,,,,,,,mass,,,
193,193,vital,,,,,,,viita,,,
194,194,plication,,,,,,,pliicattion,,,
195,195,accretion,,,,,,,acccretin,,,
196,196,ruffian,,,,,,,ruffiaann,,,
197,197,haphazard,,,,,,,haahazard,,,
198,198,ambulatory,,,,,,,abulatorry,,,
199,199,dignitary,,,,,,,dignitryy,,,
200,200,litter,,,,,,,lttter,,,
201,201,hyperopia,,,,,,,hyeroppia,,,
202,202,compile,,,,,,,compiil,,,
203,203,enrapture,,,,,,,eapture,,,
204,204,adjunct,,,,,,,ajunnct,,,
205,205,polemic,,,,,,,polei,,,
206,206,pistillation,,,,,,,ptillation,,,
207,207,passive,,,,,,,passivvee,,,
208,208,irascible,,,,,,,irascblee,,,
209,209,impel,,,,,,,immpell,,,
210,210,cession,,,,,,,csson,,,
211,211,ransack,,,,,,,ranssak,,,
212,212,balmy,,,,,,,balyy,,,
213,213,fermentation,,,,,,,ferenttion,,,
214,214,mural,,,,,,,murraal,,,
215,215,lancet,,,,,,,lnccet,,,
216,216,sycophant,,,,,,,sycopphnt,,,
217,217,edifice,,,,,,,ediiice,,,
218,218,macaronic,,,,,,,maarnic,,,
219,219,bruise,,,,,,,brruiise,,,
220,220,totem,,,,,,,totteem,,,
221,221,embellish,,,,,,,embelis,,,
222,222,indisputable,,,,,,,inddiputable,,,
223,223,resuscitate,,,,,,,resusctat,,,
224,224,pivotal,,,,,,,pvvotal,,,
225,225,eclectic,,,,,,,ecllectiic,,,
226,226,ambience,,,,,,,abince,,,
227,227,apocalyptic,,,,,,,apocalpptic,,,
228,228,enunciate,,,,,,,enuncciiate,,,
229,229,marked,,,,,,,marrke,,,
230,230,prop,,,,,,,prro,,,
231,231,menace,,,,,,,meeace,,,
232,232,babble,,,,,,,bble,,,
233,233,dissipate,,,,,,,disssippate,,,
234,234,interim,,,,,,,intri,,,
235,235,kernel,,,,,,,krnnel,,,
236,236,immaculate,,,,,,,immacullae,,,
237,237,belligerent,,,,,,,belligereen,,,
238,238,stoic,,,,,,,sttoc,,,
239,239,beware,,,,,,,bare,,,
240,240,supple,,,,,,,suupplee,,,
241,241,cadaver,,,,,,,cadaveerr,,,
242,242,distichous,,,,,,,dsticous,,,
243,243,desuetude,,,,,,,desueetuude,,,
244,244,barrister,,,,,,,barriisteer,,,
245,245,gory,,,,,,,ggoryry,,,
246,246,philanthropist,,,,,,,phhilanthrpist,,,
247,247,ingrained,,,,,,,ingaine,,,
248,248,abash,,,,,,,abass,,,
249,249,pervicacious,,,,,,,perviaciouus,,,
250,250,discriminating,,,,,,,discrimnatin,,,
251,251,outwit,,,,,,,outwtt,,,
252,252,mongrel,,,,,,,moongreel,,,
253,253,quadruped,,,,,,,quadrrupeed,,,
254,254,plenary,,,,,,,plearry,,,
255,255,plumber,,,,,,,puber,,,
256,256,impartial,,,,,,,imprtia,,,
257,257,viscid,,,,,,,visd,,,
258,258,aquavit,,,,,,,aqquavitt,,,
259,259,vitiate,,,,,,,vtiatte,,,
260,260,condescend,,,,,,,codscend,,,
261,261,procrastinate,,,,,,,pocrasttinate,,,
262,262,amplify,,,,,,,ampiffy,,,
263,263,quiescent,,,,,,,quieescennt,,,
264,264,smarmy,,,,,,,smarrmyy,,,
265,265,mnemonic,,,,,,,mnemooni,,,
266,266,maelstrom,,,,,,,maeelsrom,,,
267,267,chortle,,,,,,,crtle,,,
268,268,lackadaisical,,,,,,,lackadaisiicall,,,
269,269,exemplify,,,,,,,eemplif,,,
270,270,colloquial,,,,,,,collloqial,,,
271,271,convention,,,,,,,convenioon,,,
272,272,suspend,,,,,,,susppnd,,,
273,273,deranged,,,,,,,deangeed,,,
274,274,bromide,,,,,,,brmde,,,
275,275,tendentious,,,,,,,tenndenttious,,,
276,276,bate,,,,,,,bbatete,,,
277,277,prey,,,,,,,prre,,,
278,278,soluble,,,,,,,soluule,,,
279,279,agitprop,,,,,,,agirop,,,
280,280,conspiracy,,,,,,,conspray,,,
281,281,gesticulation,,,,,,,gstiulation,,,
282,282,imposture,,,,,,,immpostre,,,
283,283,extrinsic,,,,,,,exxrinsic,,,
284,284,sap,,,,,,,ssapp,,,
285,285,implicit,,,,,,,implliit,,,
286,286,bereavement,,,,,,,beeavemnt,,,
287,287,cadaverous,,,,,,,caadaverou,,,
288,288,jaundice,,,,,,,jaunndicee,,,
289,289,ovoid,,,,,,,ovoiidd,,,
290,290,weird,,,,,,,weiirrd,,,
291,291,virtual,,,,,,,virtuua,,,
292,292,intimidate,,,,,,,intiimdate,,,
293,293,scuffle,,,,,,,scufl,,,
294,294,bolster,,,,,,,bster,,,
295,295,pandemonium,,,,,,,pandemmoniium,,,
296,296,nocturnal,,,,,,,notturnal,,,
297,297,onus,,,,,,,onuu,,,
298,298,recuperate,,,,,,,recpperate,,,
299,299,havelock,,,,,,,havloock,,,
300,300,legerdemain,,,,,,,legerdeemai,,,
301,301,squeamish,,,,,,,squeamssh,,,
302,302,impertinent,,,,,,,impertinenntt,,,
303,303,import,,,,,,,iort,,,
304,304,calenture,,,,,,,canture,,,
305,305,parable,,,,,,,paablle,,,
306,306,rightful,,,,,,,righfful,,,
307,307,fastidious,,,,,,,fastiddiouss,,,
308,308,wallow,,,,,,,walo,,,
309,309,dinghy,,,,,,,dnhy,,,
310,310,apex,,,,,,,appe,,,
311,311,founder,,,,,,,founnde,,,
312,312,deleterious,,,,,,,deleeterous,,,
313,313,vegete,,,,,,,vegget,,,
314,314,junket,,,,,,,jukt,,,
315,315,edify,,,,,,,ediyy,,,
316,316,imperturbable,,,,,,,iperturbablee,,,
317,317,memorial,,,,,,,mmoial,,,
318,318,vinculum,,,,,,,vinculuumm,,,
319,319,breadth,,,,,,,beeadth,,,
320,320,apocarpous,,,,,,,apcarpouus,,,
321,321,margin,,,,,,,marn,,,
322,322,ubiquitous,,,,,,,ubiqquitoous,,,
323,323,provocative,,,,,,,proovvocative,,,
324,324,sheer,,,,,,,sheer,,,
325,325,imbroglio,,,,,,,imbrrogglio,,,
326,326,diverge,,,,,,,dvege,,,
327,327,impunity,,,,,,,immpunit,,,
328,328,earthy,,,,,,,eartthyy,,,
329,329,polarity,,,,,,,polarrit,,,
330,330,retrieve,,,,,,,reetrieeve,,,
331,331,stamp,,,,,,,sttammp,,,
332,332,persevere,,,,,,,persvvere,,,
333,333,anathema,,,,,,,anatthma,,,
334,334,cistern,,,,,,,cissten,,,
335,335,deducible,,,,,,,ddcible,,,
336,336,enduring,,,,,,,edurinng,,,
337,337,lurid,,,,,,,lui,,,
338,338,innocuous,,,,,,,inouous,,,
339,339,obloquy,,,,,,,oboquyy,,,
340,340,culmination,,,,,,,cuminattion,,,
341,341,wince,,,,,,,wincc,,,
342,342,dehydrate,,,,,,,deydrat,,,
343,343,prim,,,,,,,pprimim,,,
344,344,ejaculation,,,,,,,ejaculaio,,,
345,345,dwindle,,,,,,,dwwidle,,,
346,346,winsome,,,,,,,winnsoe,,,
347,347,perversion,,,,,,,perverioon,,,
348,348,pedantic,,,,,,,pedaanti,,,
349,349,mores,,,,,,,morss,,,
350,350,uxorious,,,,,,,uxooious,,,
351,351,pretension,,,,,,,pretenssionn,,,
352,352,refulgent,,,,,,,reffulent,,,
353,353,monitory,,,,,,,mnitor,,,
354,354,magpiety,,,,,,,mapiet,,,
355,355,unfledged,,,,,,,ufedged,,,
356,356,foster,,,,,,,foostr,,,
357,357,largess,,,,,,,laess,,,
358,358,offhand,,,,,,,offfhandd,,,
359,359,spin,,,,,,,siin,,,
360,360,precise,,,,,,,preeise,,,
361,361,noxious,,,,,,,noxxiouus,,,
362,362,migrant,,,,,,,migranntt,,,
363,363,bombardment,,,,,,,boomardment,,,
364,364,empirical,,,,,,,emmpirica,,,
365,365,mayhem,,,,,,,mayyem,,,
366,366,testator,,,,,,,tsttor,,,
367,367,parish,,,,,,,prissh,,,
368,368,indentation,,,,,,,inndentaton,,,
369,369,corpulent,,,,,,,corpuleet,,,
370,370,offalist,,,,,,,ofalisst,,,
371,371,garniture,,,,,,,garniuree,,,
372,372,cunctation,,,,,,,cuctattion,,,
373,373,expatriate,,,,,,,eatriate,,,
374,374,existential,,,,,,,exitetial,,,
375,375,saturate,,,,,,,sarate,,,
376,376,ignoble,,,,,,,ignobblee,,,
377,377,precedent,,,,,,,precddent,,,
378,378,primp,,,,,,,pmp,,,
379,379,conspire,,,,,,,cspire,,,
380,380,relevant,,,,,,,rellvant,,,
381,381,rapt,,,,,,,rraptpt,,,
382,382,unkempt,,,,,,,ukmpt,,,
383,383,supernumerary,,,,,,,supernumerraryy,,,
384,384,avid,,,,,,,aviidd,,,
385,385,resolution,,,,,,,ressolutin,,,
386,386,provenance,,,,,,,provennace,,,
387,387,luxuriant,,,,,,,luurian,,,
388,388,meander,,,,,,,meannderr,,,
389,389,covert,,,,,,,coveerrt,,,
390,390,solicitous,,,,,,,sollicitouus,,,
391,391,acute,,,,,,,aut,,,
392,392,recession,,,,,,,recesssionn,,,
393,393,dexterous,,,,,,,dexerus,,,
394,394,extemporaneous,,,,,,,extemmporaneou,,,
395,395,tryst,,,,,,,trt,,,
396,396,misoneism,,,,,,,msneism,,,
397,397,toll,,,,,,,ttollll,,,
398,398,enclave,,,,,,,enclaav,,,
399,399,bauble,,,,,,,bble,,,
400,400,ecosystem,,,,,,,ecosytemm,,,
401,401,odorous,,,,,,,oorus,,,
402,402,animosity,,,,,,,annimosit,,,
403,403,shunt,,,,,,,shnnt,,,
404,404,deference,,,,,,,deerrence,,,
405,405,restitution,,,,,,,rsitution,,,
406,406,extrude,,,,,,,extrdee,,,
407,407,regeneration,,,,,,,reggenerationn,,,
408,408,hull,,,,,,,hullll,,,
409,409,valediction,,,,,,,valedictioonn,,,
410,410,pinch,,,,,,,picch,,,
411,411,maieutic,,,,,,,meutic,,,
412,412,throttle,,,,,,,thrttlle,,,
413,413,wrangle,,,,,,,wrangglee,,,
414,414,anecdote,,,,,,,aneddote,,,
415,415,resilient,,,,,,,ressilint,,,
416,416,quadrennium,,,,,,,qadreennium,,,
417,417,spontaneity,,,,,,,spoontaneityy,,,
418,418,smudge,,,,,,,smug,,,
419,419,assurance,,,,,,,asssuurance,,,
420,420,furrow,,,,,,,frrrow,,,
421,421,nicety,,,,,,,niceetyy,,,
422,422,gallimaufry,,,,,,,galliafry,,,
423,423,deface,,,,,,,dece,,,
424,424,intoxicate,,,,,,,intoxicatt,,,
425,425,pacify,,,,,,,pciy,,,
426,426,metacenter,,,,,,,metceter,,,
427,427,morgue,,,,,,,moguue,,,
428,428,magisterial,,,,,,,mgistterial,,,
429,429,permissive,,,,,,,peerrmissive,,,
430,430,emblazon,,,,,,,embazoon,,,
431,431,ordination,,,,,,,orrdintion,,,
432,432,ancillary,,,,,,,anncillaryy,,,
433,433,recital,,,,,,,reittal,,,
434,434,energize,,,,,,,eegize,,,
435,435,vulnerable,,,,,,,vulneerablle,,,
436,436,auroral,,,,,,,auroa,,,
437,437,wade,,,,,,,wadd,,,
438,438,inveigle,,,,,,,ineiggle,,,
439,439,amorous,,,,,,,amous,,,
440,440,despondent,,,,,,,depondentt,,,
441,441,quintessence,,,,,,,quitesssence,,,
442,442,burgeon,,,,,,,bureeon,,,
443,443,leaven,,,,,,,leeven,,,
444,444,cerebral,,,,,,,cerbra,,,
445,445,versatile,,,,,,,verrsatie,,,
446,446,catastasis,,,,,,,catasstass,,,
447,447,refute,,,,,,,rfutte,,,
448,448,resort,,,,,,,rert,,,
449,449,imbalance,,,,,,,imaance,,,
450,450,remission,,,,,,,reision,,,
451,451,neddy,,,,,,,ndddy,,,
452,452,prune,,,,,,,pre,,,
453,453,masquerade,,,,,,,masqerde,,,
454,454,malefactor,,,,,,,malefcctor,,,
455,455,dicast,,,,,,,diicasst,,,
456,456,gawk,,,,,,,gaww,,,
457,457,context,,,,,,,connext,,,
458,458,schism,,,,,,,shissm,,,
459,459,wean,,,,,,,weeann,,,
460,460,dormant,,,,,,,doraant,,,
461,461,symposiarch,,,,,,,symmposarch,,,
462,462,jocose,,,,,,,joocosee,,,
463,463,antler,,,,,,,anleer,,,
464,464,dulcet,,,,,,,duet,,,
465,465,pacifist,,,,,,,paifistt,,,
466,466,practical,,,,,,,prractica,,,
467,467,conventional,,,,,,,convetinal,,,
468,468,prude,,,,,,,pruud,,,
469,469,regiment,,,,,,,regmentt,,,
470,470,procurement,,,,,,,pocureement,,,
471,471,unobtrusive,,,,,,,unoobtrrusive,,,
472,472,bluster,,,,,,,bluuste,,,
473,473,repulse,,,,,,,repls,,,
474,474,ancestry,,,,,,,acestryy,,,
475,475,cornucopia,,,,,,,coorrnucopia,,,
476,476,chaffing,,,,,,,chafinng,,,
477,477,mordant,,,,,,,mordaat,,,
478,478,granary,,,,,,,graaary,,,
479,479,impenitent,,,,,,,impeeniteent,,,
480,480,destitute,,,,,,,destiutte,,,
481,481,countermand,,,,,,,countermmaand,,,
482,482,paranoia,,,,,,,paranooiaa,,,
483,483,preeminent,,,,,,,preeminnentt,,,
484,484,shed,,,,,,,shhe,,,
485,485,clemency,,,,,,,clmenc,,,
486,486,blight,,,,,,,blgh,,,
487,487,memorialize,,,,,,,memoriaalizee,,,
488,488,miasma,,,,,,,massma,,,
489,489,exchequer,,,,,,,exchheqquer,,,
490,490,misadventure,,,,,,,misadventtuure,,,
491,491,riddle,,,,,,,riddee,,,
492,492,benison,,,,,,,beenisoon,,,
493,493,lucrative,,,,,,,lucrattve,,,
494,494,marrow,,,,,,,marrroww,,,
495,495,mutter,,,,,,,muttte,,,
496,496,travesty,,,,,,,traveestty,,,
497,497,apprehend,,,,,,,appreendd,,,
498,498,fathomless,,,,,,,fathomls,,,
499,499,gale,,,,,,,ggalele,,,
500,500,hypercritical,,,,,,,hypercrittcal,,,
501,501,coalition,,,,,,,coalitton,,,
502,502,paragon,,,,,,,paraagn,,,
503,503,grueling,,,,,,,grelin,,,
504,504,stipulate,,,,,,,stipulaee,,,
505,505,bountiful,,,,,,,boutifu,,,
506,506,misericord,,,,,,,miseriicorrd,,,
507,507,intrepid,,,,,,,intrppid,,,
508,508,stereotype,,,,,,,stereotyypee,,,
509,509,antipathy,,,,,,,anttipathhy,,,
510,510,prognosticate,,,,,,,prognosticcatte,,,
511,511,aphotic,,,,,,,ahoic,,,
512,512,chaff,,,,,,,caaff,,,
513,513,unearthly,,,,,,,uarthly,,,
514,514,chip,,,,,,,cchipip,,,
515,515,inherent,,,,,,,inrent,,,
516,516,inroad,,,,,,,innrroad,,,
517,517,insurmountable,,,,,,,insurmouuntabl,,,
518,518,coagulate,,,,,,,coagullaate,,,
519,519,cerebration,,,,,,,cerebratiio,,,
520,520,obstinate,,,,,,,obbstinat,,,
521,521,aver,,,,,,,aaverer,,,
522,522,sublimate,,,,,,,sulimat,,,
523,523,vivid,,,,,,,viviidd,,,
524,524,debris,,,,,,,dbbris,,,
525,525,ravenous,,,,,,,ravenoouss,,,
526,526,parallelism,,,,,,,paraalelism,,,
527,527,cleave,,,,,,,cleaavve,,,
528,528,premonition,,,,,,,prremoition,,,
529,529,transcendent,,,,,,,trannscendentt,,,
530,530,flay,,,,,,,flly,,,
531,531,acervation,,,,,,,acerrvatioon,,,
532,532,gingerly,,,,,,,gigerlly,,,
533,533,ophidian,,,,,,,opiian,,,
534,534,synoptic,,,,,,,synottic,,,
535,535,demise,,,,,,,deisse,,,
536,536,insidious,,,,,,,insiddius,,,
537,537,invidious,,,,,,,invvidiou,,,
538,538,attribute,,,,,,,attiute,,,
539,539,rampart,,,,,,,raart,,,
540,540,imbecility,,,,,,,immbecillity,,,
541,541,disengage,,,,,,,dsengge,,,
542,542,cantankerous,,,,,,,catankeous,,,
543,543,sylvan,,,,,,,syyllvan,,,
544,544,putrefy,,,,,,,putrrefyy,,,
545,545,queue,,,,,,,quuue,,,
546,546,tantrum,,,,,,,tnrum,,,
547,547,brim,,,,,,,bbrimim,,,
548,548,cascade,,,,,,,caascad,,,
549,549,adore,,,,,,,adooree,,,
550,550,lank,,,,,,,lann,,,
551,551,podiatrist,,,,,,,podiaatristt,,,
552,552,aspirant,,,,,,,apirannt,,,
553,553,circuitous,,,,,,,crcuitos,,,
554,554,quicksilver,,,,,,,quicksiilvr,,,
555,555,pomposity,,,,,,,pomsity,,,
556,556,debase,,,,,,,debbae,,,
557,557,decomposition,,,,,,,dcomposittion,,,
558,558,monoplegia,,,,,,,monoplleia,,,
559,559,denigrate,,,,,,,dnigrrate,,,
560,560,gambol,,,,,,,gaambool,,,
561,561,vision,,,,,,,vissionn,,,
562,562,kindle,,,,,,,kiinle,,,
563,563,stun,,,,,,,stuunn,,,
564,564,negate,,,,,,,neggte,,,
565,565,dissident,,,,,,,dissidenntt,,,
566,566,monumental,,,,,,,monumeentaal,,,
567,567,precipitate,,,,,,,preiptate,,,
568,568,oblique,,,,,,,oliqu,,,
569,569,impregnable,,,,,,,impregnabllee,,,
570,570,ravine,,,,,,,rine,,,
571,571,lucre,,,,,,,lur,,,
572,572,dilettante,,,,,,,diletttate,,,
573,573,connubial,,,,,,,connnubbial,,,
574,574,environ,,,,,,,envroon,,,
575,575,falter,,,,,,,fltter,,,
576,576,devise,,,,,,,devissee,,,
577,577,corrode,,,,,,,corde,,,
578,578,rivet,,,,,,,riivt,,,
579,579,poignancy,,,,,,,poiganncy,,,
580,580,foreshadow,,,,,,,foreshhadoww,,,
581,581,slight,,,,,,,sllght,,,
582,582,ort,,,,,,,oortt,,,
583,583,metallurgical,,,,,,,mettallurgiical,,,
584,584,illusory,,,,,,,illusoorry,,,
585,585,willowy,,,,,,,wllow,,,
586,586,arcuate,,,,,,,arcuuat,,,
587,587,outlaw,,,,,,,ouutllaw,,,
588,588,obese,,,,,,,obeesee,,,
589,589,controvert,,,,,,,cotroert,,,
590,590,impart,,,,,,,ipartt,,,
591,591,vagabond,,,,,,,vagabbnd,,,
592,592,topography,,,,,,,toograpy,,,
593,593,severity,,,,,,,seveerit,,,
594,594,withdrawn,,,,,,,witrawn,,,
595,595,assert,,,,,,,asseertt,,,
596,596,posture,,,,,,,potre,,,
597,597,jabber,,,,,,,jbbber,,,
598,598,adventitious,,,,,,,advventitiious,,,
599,599,posthumous,,,,,,,poosthuous,,,
600,600,quisling,,,,,,,quisslin,,,
601,601,seine,,,,,,,senne,,,
602,602,undertaker,,,,,,,undrtaer,,,
603,603,meticulous,,,,,,,metcullous,,,
604,604,divaricate,,,,,,,diaicate,,,
605,605,sophomoric,,,,,,,sopomorric,,,
606,606,defect,,,,,,,deefeect,,,
607,607,glossary,,,,,,,gllossay,,,
608,608,callus,,,,,,,caluss,,,
609,609,irony,,,,,,,irronny,,,
610,610,intractable,,,,,,,intractle,,,
611,611,myriad,,,,,,,myriiadd,,,
612,612,mute,,,,,,,muutee,,,
613,613,servitude,,,,,,,seviude,,,
614,614,fodder,,,,,,,foer,,,
615,615,clich\'e,,,,,,,clc\'e,,,
616,616,monody,,,,,,,mnoddy,,,
617,617,repugnance,,,,,,,repugnancc,,,
618,618,trance,,,,,,,trncce,,,
619,619,jaunty,,,,,,,jaauntyy,,,
620,620,smother,,,,,,,smter,,,
621,621,artless,,,,,,,artesss,,,
622,622,philistine,,,,,,,pilitine,,,
623,623,tipple,,,,,,,tppe,,,
624,624,urticant,,,,,,,utticant,,,
625,625,graphomania,,,,,,,graphoomnia,,,
626,626,totter,,,,,,,tttter,,,
627,627,panegyric,,,,,,,panegyyic,,,
628,628,waft,,,,,,,waat,,,
629,629,nuncheon,,,,,,,nnheon,,,
630,630,pass_off,,,,,,,passsoff,,,
631,631,wane,,,,,,,wann,,,
632,632,finale,,,,,,,file,,,
633,633,forthcoming,,,,,,,frthcming,,,
634,634,incipient,,,,,,,inpient,,,
635,635,abut,,,,,,,aabutut,,,
636,636,eccentric,,,,,,,eccetriic,,,
637,637,pervert,,,,,,,pevrt,,,
638,638,unfeigned,,,,,,,unfeiigne,,,
639,639,fertile,,,,,,,fertillee,,,
640,640,murmur,,,,,,,mrmuur,,,
641,641,reprove,,,,,,,rproove,,,
642,642,disfigure,,,,,,,disfiggurre,,,
643,643,innovation,,,,,,,innovatiionn,,,
644,644,hale,,,,,,,hhalele,,,
645,645,aberration,,,,,,,aberration,,,
646,646,sibilate,,,,,,,sibilaatee,,,
647,647,loathe,,,,,,,loatthee,,,
648,648,respuate,,,,,,,resspuae,,,
649,649,sustenance,,,,,,,sustnaance,,,
650,650,start,,,,,,,statt,,,
651,651,rendezvous,,,,,,,rnddezvous,,,
652,652,mormo,,,,,,,mommo,,,
653,653,beneficiary,,,,,,,beneeficiaary,,,
654,654,shimmer,,,,,,,shimmeerr,,,
655,655,overturn,,,,,,,ovvertur,,,
656,656,static,,,,,,,sttatiic,,,
657,657,labile,,,,,,,labiil,,,
658,658,galactometer,,,,,,,galcometer,,,
659,659,equine,,,,,,,equiie,,,
660,660,belie,,,,,,,bliie,,,
661,661,bohemian,,,,,,,bohheian,,,
662,662,succulent,,,,,,,suuculent,,,
663,663,thespian,,,,,,,thespiiaan,,,
664,664,tenant,,,,,,,tenanntt,,,
665,665,blunt,,,,,,,bluunnt,,,
666,666,incarcerate,,,,,,,incarceaate,,,
667,667,ineffable,,,,,,,inffaable,,,
668,668,camp,,,,,,,ccampmp,,,
669,669,cupidity,,,,,,,cupdiity,,,
670,670,bedizen,,,,,,,bediizn,,,
671,671,prostrate,,,,,,,prosstratte,,,
672,672,scotch,,,,,,,sotc,,,
673,673,dissonance,,,,,,,dissonaanc,,,
674,674,intrude,,,,,,,itrde,,,
675,675,ribald,,,,,,,riaald,,,
676,676,ewe,,,,,,,eewee,,,
677,677,malcontent,,,,,,,mallconten,,,
678,678,bestow,,,,,,,bsttow,,,
679,679,recrudesce,,,,,,,recrudesscee,,,
680,680,strangle,,,,,,,strannle,,,
681,681,conviction,,,,,,,conviciion,,,
682,682,apprehensive,,,,,,,appreehensve,,,
683,683,haughtiness,,,,,,,hughtinness,,,
684,684,underlying,,,,,,,underlyngg,,,
685,685,jocular,,,,,,,jcuular,,,
686,686,averse,,,,,,,averrsee,,,
687,687,commandeer,,,,,,,comandeeer,,,
688,688,synthetic,,,,,,,synttheetic,,,
689,689,limber,,,,,,,limmbe,,,
690,690,putrid,,,,,,,putiid,,,
691,691,secrete,,,,,,,seccret,,,
692,692,retaliate,,,,,,,reetalite,,,
693,693,generality,,,,,,,genealiy,,,
694,694,tenesmus,,,,,,,tenessms,,,
695,695,pathological,,,,,,,pathloogical,,,
696,696,understate,,,,,,,undrrstate,,,
697,697,fractious,,,,,,,fratiious,,,
698,698,asinine,,,,,,,asinniine,,,
699,699,abeyance,,,,,,,abance,,,
700,700,die,,,,,,,ddiee,,,
701,701,solitude,,,,,,,soliitue,,,
702,702,dislodge,,,,,,,diislodgee,,,
703,703,misanthrope,,,,,,,msantrope,,,
704,704,baffle,,,,,,,baffflee,,,
705,705,metaphor,,,,,,,metaapho,,,
706,706,wilt,,,,,,,willtt,,,
707,707,embrace,,,,,,,ebracce,,,
708,708,amass,,,,,,,aasss,,,
709,709,magnate,,,,,,,magnnatte,,,
710,710,catholic,,,,,,,cathliic,,,
711,711,reparable,,,,,,,reparrabl,,,
712,712,autolysis,,,,,,,autolsiss,,,
713,713,sobriety,,,,,,,sobretty,,,
714,714,appoggiatura,,,,,,,apppoggiatur,,,
715,715,physiological,,,,,,,phyysiologcal,,,
716,716,clinquant,,,,,,,cliuant,,,
717,717,monochrome,,,,,,,moncchrome,,,
718,718,bursiform,,,,,,,bursiorrm,,,
719,719,igneous,,,,,,,ineeous,,,
720,720,obsidian,,,,,,,obssidiaan,,,
721,721,halting,,,,,,,hatiing,,,
722,722,countenance,,,,,,,counntenancee,,,
723,723,addiction,,,,,,,adddction,,,
724,724,diffuse,,,,,,,difffusee,,,
725,725,gnosticism,,,,,,,gnsticim,,,
726,726,reseau,,,,,,,resauu,,,
727,727,avarice,,,,,,,avaaricce,,,
728,728,fictitious,,,,,,,fiictitios,,,
729,729,pugnacity,,,,,,,pugnaciitty,,,
730,730,damn,,,,,,,ddamnmn,,,
731,731,bureaucracy,,,,,,,burreaucray,,,
732,732,fringe,,,,,,,frrine,,,
733,733,flense,,,,,,,flenee,,,
734,734,exude,,,,,,,exuue,,,
735,735,renege,,,,,,,reegge,,,
736,736,cautelous,,,,,,,cuteous,,,
737,737,extol,,,,,,,etool,,,
738,738,tend,,,,,,,teen,,,
739,739,progenitor,,,,,,,progniitor,,,
740,740,pathetic,,,,,,,paathettic,,,
741,741,crass,,,,,,,crsss,,,
742,742,veer,,,,,,,verr,,,
743,743,lewd,,,,,,,lewwdd,,,
744,744,sclerotic,,,,,,,sclertiic,,,
745,745,lace,,,,,,,lcce,,,
746,746,entreat,,,,,,,entraat,,,
747,747,materialism,,,,,,,maeriialism,,,
748,748,concerted,,,,,,,cocerte,,,
749,749,sleeper,,,,,,,sleeppe,,,
750,750,delirium,,,,,,,delium,,,
751,751,fulcrum,,,,,,,fulcruumm,,,
752,752,convert,,,,,,,coonverrt,,,
753,753,academic,,,,,,,acaddemi,,,
754,754,fleck,,,,,,,flcck,,,
755,755,paramount,,,,,,,paraamounnt,,,
756,756,cantata,,,,,,,canaata,,,
757,757,punctilious,,,,,,,punctilouus,,,
758,758,abusive,,,,,,,auive,,,
759,759,disconsolate,,,,,,,dsconsolaate,,,
760,760,felicitous,,,,,,,fecitous,,,
761,761,distort,,,,,,,ditorrt,,,
762,762,statute,,,,,,,stattutee,,,
763,763,xenophobia,,,,,,,xeenophoba,,,
764,764,abortifacient,,,,,,,aborrtifaciennt,,,
765,765,laity,,,,,,,lty,,,
766,766,demographic,,,,,,,demorraphic,,,
767,767,occult,,,,,,,occcultt,,,
768,768,pretext,,,,,,,peext,,,
769,769,nemophilist,,,,,,,nmphilist,,,
770,770,citadel,,,,,,,ciael,,,
771,771,trilogy,,,,,,,triilgy,,,
772,772,shuffle,,,,,,,sufflle,,,
773,773,abate,,,,,,,abt,,,
774,774,forsake,,,,,,,frake,,,
775,775,mandatory,,,,,,,mndatoryy,,,
776,776,presumptuous,,,,,,,presumptouus,,,
777,777,mystic,,,,,,,mytc,,,
778,778,consolidation,,,,,,,cnsoldation,,,
779,779,demiurge,,,,,,,demiurrgee,,,
780,780,antidote,,,,,,,anidotte,,,
781,781,equity,,,,,,,eqit,,,
782,782,serendipity,,,,,,,serrenipity,,,
783,783,contrived,,,,,,,conntrrived,,,
784,784,archetype,,,,,,,archeyppe,,,
785,785,solace,,,,,,,soolac,,,
786,786,bricolage,,,,,,,brricolge,,,
787,787,ordain,,,,,,,ordn,,,
788,788,transgression,,,,,,,transgressson,,,
789,789,oath,,,,,,,otth,,,
790,790,trinket,,,,,,,trinnkett,,,
791,791,pisteology,,,,,,,piistology,,,
792,792,corporeal,,,,,,,corporreaal,,,
793,793,purse,,,,,,,puursse,,,
794,794,stalwart,,,,,,,stwart,,,
795,795,reciprocate,,,,,,,reciproaate,,,
796,796,piebald,,,,,,,piebaad,,,
797,797,annuity,,,,,,,annuiitty,,,
798,798,clasp,,,,,,,cls,,,
799,799,limpid,,,,,,,limmpd,,,
800,800,azure,,,,,,,azurr,,,
801,801,cue,,,,,,,ccuee,,,
802,802,rant,,,,,,,raan,,,
803,803,relish,,,,,,,rish,,,
804,804,seasonable,,,,,,,seasonabee,,,
805,805,immobility,,,,,,,immoiliy,,,
806,806,preposterous,,,,,,,prreposteous,,,
807,807,filigree,,,,,,,filgreee,,,
808,808,macabre,,,,,,,macre,,,
809,809,verdant,,,,,,,vrdaant,,,
810,810,decalcomania,,,,,,,decalcomaaniia,,,
811,811,marital,,,,,,,mital,,,
812,812,dynamic,,,,,,,dnaic,,,
813,813,prophylactic,,,,,,,prrohylactic,,,
814,814,impeccable,,,,,,,impeeccabl,,,
815,815,flit,,,,,,,fllt,,,
816,816,universal,,,,,,,unierrsal,,,
817,817,detached,,,,,,,deachhed,,,
818,818,hazy,,,,,,,hayy,,,
819,819,ideology,,,,,,,idoology,,,
820,820,coquette,,,,,,,coette,,,
821,821,outgoing,,,,,,,outgoiinng,,,
822,822,knacker,,,,,,,knnacer,,,
823,823,compartment,,,,,,,comprttment,,,
824,824,explicit,,,,,,,exppliciit,,,
825,825,periphery,,,,,,,peripeery,,,
826,826,spare,,,,,,,spaarre,,,
827,827,cryptoporticus,,,,,,,cryptpporticus,,,
828,828,vixen,,,,,,,ven,,,
829,829,catapult,,,,,,,capult,,,
830,830,elucidate,,,,,,,elcidaate,,,
831,831,petroglyph,,,,,,,petogyph,,,
832,832,boor,,,,,,,booorr,,,
833,833,recreant,,,,,,,recreaantt,,,
834,834,ethnic,,,,,,,etnnic,,,
835,835,uncouth,,,,,,,unccoutth,,,
836,836,hindsight,,,,,,,hndsigt,,,
837,837,inalienable,,,,,,,inalieenabe,,,
838,838,indigenous,,,,,,,indigennouss,,,
839,839,dirge,,,,,,,diirrge,,,
840,840,ensue,,,,,,,enuee,,,
841,841,condole,,,,,,,condollee,,,
842,842,exasperate,,,,,,,exaasperae,,,
843,843,scavenge,,,,,,,scavenngge,,,
844,844,shoot,,,,,,,shhooot,,,
845,845,cloying,,,,,,,coing,,,
846,846,rail,,,,,,,rrailil,,,
847,847,pernicious,,,,,,,perniciuss,,,
848,848,supplicant,,,,,,,supplicaat,,,
849,849,paste,,,,,,,pstte,,,
850,850,fidelity,,,,,,,fidellityy,,,
851,851,expos\'e,,,,,,,exposs'e,,,
852,852,polarize,,,,,,,polariizee,,,
853,853,wake,,,,,,,wwakeke,,,
854,854,bisque,,,,,,,bisqquee,,,
855,855,recurvate,,,,,,,recuvatte,,,
856,856,repast,,,,,,,reastt,,,
857,857,incinerate,,,,,,,incineraae,,,
858,858,stampede,,,,,,,stampeedee,,,
859,859,hypocorism,,,,,,,hyppoccorism,,,
860,860,reticent,,,,,,,reicen,,,
861,861,stigma,,,,,,,stigmm,,,
862,862,desultory,,,,,,,desulltoory,,,
863,863,astigmatism,,,,,,,astigmmatismm,,,
864,864,inquisitive,,,,,,,inquiitiive,,,
865,865,tensile,,,,,,,tenslle,,,
866,866,rancid,,,,,,,raacid,,,
867,867,hortatory,,,,,,,horttatoory,,,
868,868,gavel,,,,,,,gve,,,
869,869,bland,,,,,,,bladd,,,
870,870,grudging,,,,,,,grding,,,
871,871,lustrous,,,,,,,lusroous,,,
872,872,gangrene,,,,,,,gangrreene,,,
873,873,extort,,,,,,,exoort,,,
874,874,misnomer,,,,,,,missnoer,,,
875,875,extraneous,,,,,,,extranneou,,,
876,876,ostentatious,,,,,,,osstenatious,,,
877,877,orthoepy,,,,,,,orhooepy,,,
878,878,resplendent,,,,,,,respleendennt,,,
879,879,feud,,,,,,,fuud,,,
880,880,distinction,,,,,,,disstinctio,,,
881,881,scurvy,,,,,,,scuuvy,,,
882,882,edema,,,,,,,eddea,,,
883,883,adjacent,,,,,,,addjacnt,,,
884,884,colloquy,,,,,,,colloquuyy,,,
885,885,charm,,,,,,,chm,,,
886,886,rebus,,,,,,,reuus,,,
887,887,clangor,,,,,,,clano,,,
888,888,chaste,,,,,,,case,,,
889,889,pine,,,,,,,piinee,,,
890,890,congruent,,,,,,,cngruennt,,,
891,891,luxuriate,,,,,,,luxuuriatte,,,
892,892,implacable,,,,,,,implccable,,,
893,893,turbid,,,,,,,turbbidd,,,
894,894,pittance,,,,,,,pittnc,,,
895,895,fumble,,,,,,,fuumblle,,,
896,896,high-flown,,,,,,,hih--flown,,,
897,897,tabes,,,,,,,tbess,,,
898,898,remarque,,,,,,,reaque,,,
899,899,pyroclastic,,,,,,,pyrrclastic,,,
900,900,linguistic,,,,,,,linguuisstic,,,
901,901,elaine,,,,,,,elanne,,,
902,902,amiable,,,,,,,amiaale,,,
903,903,wont,,,,,,,wntt,,,
904,904,exalt,,,,,,,exalltt,,,
905,905,hindrance,,,,,,,hinddrace,,,
906,906,seismic,,,,,,,simic,,,
907,907,etymology,,,,,,,ettymoloy,,,
908,908,seduce,,,,,,,seedue,,,
909,909,torrid,,,,,,,toriid,,,
910,910,flora,,,,,,,florraa,,,
911,911,optional,,,,,,,optina,,,
912,912,exhilarating,,,,,,,exhilaaratiing,,,
913,913,tenacity,,,,,,,tnacit,,,
914,914,condign,,,,,,,cnign,,,
915,915,impious,,,,,,,imous,,,
916,916,maniacal,,,,,,,maniaccaal,,,
917,917,reconnaissance,,,,,,,reconnaisssancee,,,
918,918,spurn,,,,,,,spurrnn,,,
919,919,plaintive,,,,,,,plaiinttive,,,
920,920,incarnate,,,,,,,incarrnte,,,
921,921,harry,,,,,,,harrrry,,,
922,922,parsimony,,,,,,,prsimmony,,,
923,923,derelict,,,,,,,derellic,,,
924,924,inflated,,,,,,,infllatted,,,
925,925,hygiene,,,,,,,hyygienee,,,
926,926,tacit,,,,,,,taaci,,,
927,927,cloister,,,,,,,clooisteer,,,
928,928,sheaf,,,,,,,shf,,,
929,929,defray,,,,,,,dffray,,,
930,930,aphorism,,,,,,,apphoriism,,,
931,931,predecessor,,,,,,,predecessso,,,
932,932,taint,,,,,,,taainnt,,,
933,933,skulk,,,,,,,skuullk,,,
934,934,outstrip,,,,,,,ousrip,,,
935,935,nevus,,,,,,,nevvuss,,,
936,936,ambrosia,,,,,,,amroosia,,,
937,937,gnosis,,,,,,,gnoosi,,,
938,938,affront,,,,,,,affrn,,,
939,939,chasten,,,,,,,chhsten,,,
940,940,mincing,,,,,,,miningg,,,
941,941,ornate,,,,,,,orntte,,,
942,942,accrue,,,,,,,acccre,,,
943,943,rousing,,,,,,,rouusig,,,
944,944,debauch,,,,,,,dbuch,,,
945,945,juggernaut,,,,,,,juggerut,,,
946,946,hibernal,,,,,,,hbernaal,,,
947,947,slapdash,,,,,,,slpdassh,,,
948,948,matriarch,,,,,,,matriarrh,,,
949,949,rhadamanthine,,,,,,,rhadamnthinne,,,
950,950,inerrancy,,,,,,,inrancy,,,
951,951,afterlife,,,,,,,afteerlifee,,,
952,952,glitter,,,,,,,gitterr,,,
953,953,theocracy,,,,,,,tocracy,,,
954,954,tinnient,,,,,,,tinieent,,,
955,955,stultify,,,,,,,stulttiy,,,
956,956,verdigris,,,,,,,verrdigrs,,,
957,957,solder,,,,,,,sodr,,,
958,958,inopportune,,,,,,,inoppotuune,,,
959,959,tribunal,,,,,,,trbnal,,,
960,960,ceremonious,,,,,,,ceremonouus,,,
961,961,dribble,,,,,,,dribbllee,,,
962,962,specious,,,,,,,speioous,,,
963,963,pore,,,,,,,porree,,,
964,964,declivity,,,,,,,declivvitty,,,
965,965,masochist,,,,,,,masohis,,,
966,966,economy,,,,,,,eoomy,,,
967,967,chameleon,,,,,,,chaameleonn,,,
968,968,chisel,,,,,,,chhiel,,,
969,969,whimsical,,,,,,,whimsiaal,,,
970,970,atone,,,,,,,atonn,,,
971,971,peer,,,,,,,ppeerer,,,
972,972,novelty,,,,,,,noovelt,,,
973,973,legato,,,,,,,lggato,,,
974,974,aesthetic,,,,,,,aestheettic,,,
975,975,adorn,,,,,,,adonn,,,
976,976,dowry,,,,,,,dowrr,,,
977,977,occident,,,,,,,occcidennt,,,
978,978,shirk,,,,,,,shhiirk,,,
979,979,glower,,,,,,,glwr,,,
980,980,lament,,,,,,,lamt,,,
981,981,degradation,,,,,,,deegrdation,,,
982,982,levity,,,,,,,leevit,,,
983,983,formication,,,,,,,formicatioonn,,,
984,984,abet,,,,,,,abbett,,,
985,985,ablaut,,,,,,,abaaut,,,
986,986,disputatious,,,,,,,diputatiouss,,,
987,987,irrefutable,,,,,,,irrefutabllee,,,
988,988,thrifty,,,,,,,thriify,,,
989,989,eerie,,,,,,,eeeri,,,
990,990,dog-bee,,,,,,,doog-beee,,,
991,991,sate,,,,,,,ssatete,,,
992,992,fecundity,,,,,,,fecuudity,,,
993,993,equanimity,,,,,,,euuanimity,,,
994,994,pronate,,,,,,,proonae,,,
995,995,swear-word,,,,,,,swer--word,,,
996,996,jettatura,,,,,,,jettaaturaa,,,
997,997,hermeneutics,,,,,,,hermeneuic,,,
